Role group,N,"Data cleaning and
preparation","Descriptive
analysis","Inferential
analysis","Modeling / Machine
learning","Development or
automation of
statistical tools","Supervision or
validation of
statistical work
carried out by
others"
Hidden statistical role,29,3.103448275862069,3.0344827586206895,2.3448275862068964,2.2758620689655173,2.5172413793103448,2.2758620689655173
Labelled statistical role,103,3.3592233009708736,3.29126213592233,3.0194174757281553,2.7475728155339807,2.8058252427184467,2.7766990291262137
