Job profile,Job title,N
Data Analyst,Statistician,7
Data Analyst,Collaborateur scientifique,2
Data Analyst,Data analyst,2
Data Analyst,Data scientist,2
Data Analyst,Biostatistician,1
Statistician,Biostatistician,3
Statistician,Statistician,3
Statistician,Professor of statistics,2
Statistician,Analytical Scientist and Statistician,1
Statistician,Data analyst,1
Data Scientist / Engineer,Biostatistician,7
Data Scientist / Engineer,Data scientist,6
Data Scientist / Engineer,Research statistician (methodological / theoretical),6
Data Scientist / Engineer,Professor of statistics,3
Data Scientist / Engineer,Statistician,3
Manager / Supervisor,Biostatistician,16
Manager / Supervisor,Statistician,8
Manager / Supervisor,Professor of statistics,6
Manager / Supervisor,Data scientist,2
Manager / Supervisor,Statistical programmer,2
Generalist,Scientific advisor,1
Generalist,Statistician,1
