Field of study,North America,Swiss,South and Central America,Oceania,Total,::rowname::
Statistics,14,30,3,1,48,
Mathematics,3,19,0,0,22,
"Natural science, environmental science",3,16,0,0,19,
Psychology,2,10,2,0,14,
Science of economics,1,11,0,0,12,
Applied statistics,4,7,0,0,11,
Data science,0,8,0,0,8,
Informatics / Computer science,1,6,0,0,7,
Other social sciences,1,6,0,0,7,
"Health, sport",2,4,0,0,6,
"Technical science, engineering",2,2,0,0,4,
Sociology,0,2,0,0,2,
0,1,0,0,0,1,
Education,1,0,0,0,1,
"History, civilizations study",0,1,0,0,1,
Other,1,0,0,0,1,
