Field of study,Woman,Man,Prefer not to say,Total,::rowname::
Statistics,20,27,1,48,
Mathematics,10,12,0,22,
"Natural science, environmental science",8,11,0,19,
Psychology,7,7,0,14,
Science of economics,3,9,0,12,
Applied statistics,6,5,0,11,
Data science,4,4,0,8,
Informatics / Computer science,4,3,0,7,
Other social sciences,3,4,0,7,
"Health, sport",2,4,0,6,
"Technical science, engineering",1,3,0,4,
Sociology,1,1,0,2,
0,1,0,0,1,
Education,1,0,0,1,
"History, civilizations study",0,1,0,1,
Other,1,0,0,1,
