Job profile,N,"Data cleaning and
preparation",Descriptive analysis,Inferential analysis,"Modeling / Machine
learning","Development or
automation of
statistical tools","Supervision or
validation of
statistical work
carried out by
others"
Data Analyst,28,3.4642857142857144,3.392857142857143,1.7142857142857142,1.6785714285714286,2.25,1.9642857142857142
Statistician,15,3.466666666666667,3.6666666666666665,3.933333333333333,2.066666666666667,1.6,1.6666666666666667
Data Scientist / Engineer,42,3.0714285714285716,3.0238095238095237,2.8333333333333335,3.1904761904761907,2.9523809523809526,1.9523809523809523
Manager / Supervisor,51,3.3529411764705883,3.176470588235294,3.2549019607843137,2.9019607843137254,3.156862745098039,3.9215686274509802
Generalist,2,1,0.5,0.5,0,0,0.5
