Job title,Bachelor of applied science,University bachelor,Master of applied science,University master,PhD,Other,Total,::rowname::
Biostatistician,0,0,8,3,16,0,27,
Statistician,0,1,0,12,9,0,22,
Professor of statistics,0,0,0,1,10,0,11,
Data scientist,0,0,1,6,3,0,10,
Research statistician (methodological / theoretical),0,0,0,3,5,0,8,
Data analyst,1,0,0,1,2,0,4,
Epidemiologist,0,0,0,0,4,0,4,
Statistical programmer,0,0,1,2,0,0,3,
Statistical project manager,0,0,1,2,0,0,3,
Collaborateur scientifique,0,0,0,2,0,0,2,
Data engineer,1,0,0,1,0,0,2,
Econometrician,0,0,0,0,2,0,2,
Economist,0,0,0,2,0,0,2,
Analytical Scientist and Statistician,0,0,0,0,1,0,1,
Assistant,0,0,0,1,0,0,1,
Associate professer in Epidemiology / Biostatistics,0,0,0,0,1,0,1,
Business intelligence (BI) analyst,0,0,0,1,0,0,1,
Cheffe de projet de recherche,0,0,0,0,1,0,1,
Chief Data Officer,0,0,0,0,1,0,1,
Collaborateur scientifique (Scientist),0,0,0,0,1,0,1,
Data Platform Engineer,0,0,0,1,0,0,1,
Data manager,0,0,0,0,0,1,1,
Data steward,0,0,0,1,0,0,1,
Fonction dirigeante,0,0,1,0,0,0,1,
Führungsfunktion in Statistikteam,0,0,0,1,0,0,1,
Geschäftsführer,0,0,0,0,1,0,1,
Head of Statistics,0,0,0,0,1,0,1,
Health economist,0,0,0,1,0,0,1,
Lecturer,0,0,0,0,1,0,1,
Leiter Abteilung Arbeits- und Organisationspsychologie,0,0,0,1,0,0,1,
Medical statistician,0,0,0,1,0,0,1,
Operations research analyst,0,0,0,0,1,0,1,
PhD student applied statistics,0,0,0,1,0,0,1,
Professor of math and stat,0,0,0,0,1,0,1,
Psychology PhD student,0,0,0,1,0,0,1,
Psychometrician,0,0,0,0,1,0,1,
Researcher,0,0,0,0,1,0,1,
Scientific Staff Member,0,0,0,0,1,0,1,
Scientific advisor,0,0,0,0,1,0,1,
Statistical researcher (applied),0,0,0,0,1,0,1,
Survey statistician / sampling statistician,0,0,0,0,1,0,1,
University lecturer,0,0,0,0,1,0,1,
Wissenschaftliche Mitarbeiterin,0,0,0,1,0,0,1,
Wissenschaftliche Mitarbeiterin (Biostatistician),0,0,0,1,0,0,1,
Wissenschaftlicher Mitarbeiter / Statistischer Programmierer,0,0,0,0,1,0,1,
chemist,0,0,0,1,0,0,1,
collaborateur scientifique,0,0,0,0,1,0,1,
prospectiviste,0,0,0,0,1,0,1,
university professor (but not statistics),0,0,0,0,1,0,1,
wissenschaftliche Mitarbeiterin,0,0,0,1,0,0,1,
