submitdate,datestamp,startdate,dmbirth,tryear,age,sssknow,dmgender,origin,dmres,dmwork,sssmember,ssstime,trlvl,study_location,training_fields_list,continuous_education,trcont2,employed,job_status,job_role,plsector,plyexp,plrate,plsenior,skills,skills_str,ustime,salary_band,salary_band_low,salary_midpoint,salary_band_high,salary_raw,salary_fte_low,salary_fte_mid,salary_fte_high,salary,salary_category,worksatisfction,issatisf2,career_stage,age_group,exp_group,is_sss_member
2026-04-08,2026-04-08,2026-04-08,1991,2022,35,TRUE,Man,Europe,BE,GR,Passive,Less than five years,University master,Swiss,,NA,TRUE,TRUE,Employed,Medical statistician,Hospital/ Healthcare,3,100,No managerial function,,"Statistical programming (R, SAS, Python (Statistics and ML libraries), SPSS, Stata, etc.); Other programming (C, C++, Java, Python, etc.); Scientific writing and/or research; Project management; Time management",,100 000 - 109 999,100000,105000,109999,105000,100000,105000,109999,105000,AO06,Very satisfied,,Early-career (0-5 y),30-39,0-5 years,TRUE
2026-06-09,2026-06-09,2026-06-09,1980,2019,46,TRUE,Woman,Europe,VD,VD,Not a member,NA,PhD,Swiss,,"MAS, DAS, CAS",TRUE,TRUE,Employed,prospectiviste,Government / Public administration,4,80,No managerial function,,Scientific writing and/or research; Project management,,90 000 - 99 999,90000,95000,99999,95000,112500,118750,124998.75,118750,AO05,Quite satisfied,,Early-career (0-5 y),40-49,0-5 years,FALSE
2026-06-09,2026-06-09,2026-06-09,1987,2012,39,TRUE,Woman,Swiss,GE,VD,Not a member,NA,University master,Swiss,,"MAS, DAS, CAS",TRUE,TRUE,Employed,Statistical project manager,Government / Public administration,12,80,Lower management,,"Statistical programming (R, SAS, Python (Statistics and ML libraries), SPSS, Stata, etc.); Scientific writing and/or research; Project management; Time management",,90 000 - 99 999,90000,95000,99999,95000,112500,118750,124998.75,118750,AO05,Very satisfied,,Mid-career (6-15 y),30-39,11-20 years,FALSE
2026-06-09,2026-06-09,2026-06-09,1969,1994,57,TRUE,Man,Swiss,VD,VD,Occasional,Ten years or more,University master,Swiss,,"MAS, DAS, CAS",TRUE,TRUE,Employed,Statistician,Government / Public administration,28,90,Middle management,,"Statistical programming (R, SAS, Python (Statistics and ML libraries), SPSS, Stata, etc.); Data visualization (Power BI, Tableau, Looker Studio, etc.); Scientific writing and/or research; Project management; Time management",,130 000 - 139 999,130000,135000,139999,135000,144444.44444444444,150000,155554.44444444444,150000,AO09,Very satisfied,,Senior (16+ y),50-59,20+ years,TRUE
2026-06-09,2026-06-09,2026-06-09,1983,2011,43,TRUE,Man,Swiss,VS,VS,Occasional,Less than ten years,University master,Swiss,,"MAS, DAS, CAS",TRUE,TRUE,Employed,Statistician,Government / Public administration,13,100,Lower management,,"Statistical programming (R, SAS, Python (Statistics and ML libraries), SPSS, Stata, etc.); Data visualization (Power BI, Tableau, Looker Studio, etc.); Scientific writing and/or research; Project management",,140 000 - 149 999,140000,145000,149999,145000,140000,145000,149999,145000,AO10,Quite satisfied,,Mid-career (6-15 y),40-49,11-20 years,TRUE
2026-06-09,2026-06-09,2026-06-09,1977,2004,49,TRUE,Woman,Swiss,VD,VD,Not a member,NA,University master,Swiss,,"MAS, DAS, CAS",TRUE,TRUE,Employed,Statistician,Government / Public administration,23,60,No managerial function,,"Statistical programming (R, SAS, Python (Statistics and ML libraries), SPSS, Stata, etc.); Scientific writing and/or research; Project management",,80 000 - 89 999,80000,85000,89999,85000,133333.3333333333,141666.6666666667,149998.33333333334,141666.6666666667,AO04,Quite satisfied,,Senior (16+ y),40-49,20+ years,FALSE
2026-06-09,2026-06-09,2026-06-09,1993,2018,33,TRUE,Man,Swiss,VS,VS,Not a member,NA,University master,Swiss,,No,FALSE,TRUE,Employed,Data scientist,Government / Public administration,3,100,No managerial function,,"Statistical programming (R, SAS, Python (Statistics and ML libraries), SPSS, Stata, etc.); Other programming (C, C++, Java, Python, etc.); Data visualization (Power BI, Tableau, Looker Studio, etc.); Scientific writing and/or research; Project management",,100 000 - 109 999,100000,105000,109999,105000,100000,105000,109999,105000,AO06,Very satisfied,,Early-career (0-5 y),30-39,0-5 years,FALSE
2026-06-09,2026-06-09,2026-06-09,1993,2021,33,FALSE,Woman,Swiss,VS,VS,NA,NA,PhD,Swiss,,NA,TRUE,TRUE,Employed,collaborateur scientifique,Government / Public administration,4,100,No managerial function,,"Statistical programming (R, SAS, Python (Statistics and ML libraries), SPSS, Stata, etc.); Other programming (C, C++, Java, Python, etc.); Data visualization (Power BI, Tableau, Looker Studio, etc.); Project management",,70 000 - 79 999,70000,75000,79999,75000,70000,75000,79999,75000,AO03,Quite satisfied,,Early-career (0-5 y),30-39,0-5 years,FALSE
2026-06-10,2026-06-10,2026-06-10,1966,2013,60,TRUE,Woman,Swiss,VS,VS,Not a member,NA,PhD,North America,,NA,TRUE,TRUE,Employed,Data analyst,Government / Public administration,30,100,No managerial function,,"Statistical programming (R, SAS, Python (Statistics and ML libraries), SPSS, Stata, etc.); Scientific writing and/or research",,100 000 - 109 999,100000,105000,109999,105000,100000,105000,109999,105000,AO06,Very satisfied,,Senior (16+ y),60+,20+ years,FALSE
2026-06-10,2026-06-10,2026-06-10,1996,2022,30,FALSE,Man,Swiss,VD,VD,NA,NA,University master,Swiss,,No,FALSE,TRUE,Employed,Statistical programmer,Government / Public administration,3,80,No managerial function,,"Statistical programming (R, SAS, Python (Statistics and ML libraries), SPSS, Stata, etc.); Other programming (C, C++, Java, Python, etc.); Data visualization (Power BI, Tableau, Looker Studio, etc.)",,70 000 - 79 999,70000,75000,79999,75000,87500,93750,99998.75,93750,AO03,Quite satisfied,,Early-career (0-5 y),30-39,0-5 years,FALSE
2026-06-10,2026-06-10,2026-06-10,1980,2003,46,TRUE,Man,Swiss,NE,VD,Not a member,NA,University master,Swiss,,Other,TRUE,TRUE,Employed,Business intelligence (BI) analyst,Government / Public administration,19,100,No managerial function,,"Data visualization (Power BI, Tableau, Looker Studio, etc.)",,100 000 - 109 999,100000,105000,109999,105000,100000,105000,109999,105000,AO06,Neutral,,Senior (16+ y),40-49,11-20 years,FALSE
2026-06-10,2026-06-10,2026-06-10,1977,2004,49,TRUE,Man,Swiss,VS,VS,Not a member,NA,Bachelor of applied science,Swiss,,NA,TRUE,TRUE,Employed,Data engineer,Government / Public administration,15,100,No managerial function,,"Other programming (C, C++, Java, Python, etc.); Data visualization (Power BI, Tableau, Looker Studio, etc.); Project management",,140 000 - 149 999,140000,145000,149999,145000,140000,145000,149999,145000,AO10,Very satisfied,,Mid-career (6-15 y),40-49,11-20 years,FALSE
2026-06-10,2026-06-10,2026-06-10,1972,1997,54,TRUE,Man,Swiss,NE,NE,Active,Ten years or more,University master,Swiss,,Further training with an employer,TRUE,TRUE,Employed,Statistician,Government / Public administration,28,100,Top management,,"Data visualization (Power BI, Tableau, Looker Studio, etc.); Project management",,170 000 - 179 999,170000,175000,179999,175000,170000,175000,179999,175000,AO13,Very satisfied,,Senior (16+ y),50-59,20+ years,TRUE
2026-06-10,2026-06-10,2026-06-10,1990,2021,36,TRUE,Man,Swiss,VD,VD,Not a member,NA,University master,Swiss,,Further training with an employer,TRUE,TRUE,Employed,Statistical project manager,Government / Public administration,5,80,No managerial function,,"Statistical programming (R, SAS, Python (Statistics and ML libraries), SPSS, Stata, etc.); Scientific writing and/or research; Project management",,80 000 - 89 999,80000,85000,89999,85000,100000,106250,112498.75,106250,AO04,Very satisfied,,Early-career (0-5 y),30-39,0-5 years,FALSE
2026-06-11,2026-06-11,2026-06-11,1988,2013,38,FALSE,Man,Swiss,VS,VS,NA,NA,University master,Swiss,,No,FALSE,TRUE,Employed,Collaborateur scientifique,Government / Public administration,5,80,No managerial function,,"Statistical programming (R, SAS, Python (Statistics and ML libraries), SPSS, Stata, etc.); Data visualization (Power BI, Tableau, Looker Studio, etc.); Project management",,90 000 - 99 999,90000,95000,99999,95000,112500,118750,124998.75,118750,AO05,Very satisfied,,Early-career (0-5 y),30-39,0-5 years,FALSE
2026-06-11,2026-06-11,2026-06-11,1987,2017,39,TRUE,Woman,Swiss,GE,VD,Occasional,Less than one year,PhD,Swiss,,No,FALSE,TRUE,Employed,Statistician,Government / Public administration,2,80,No managerial function,,"Statistical programming (R, SAS, Python (Statistics and ML libraries), SPSS, Stata, etc.); Scientific writing and/or research; Project management; Time management",,90 000 - 99 999,90000,95000,99999,95000,112500,118750,124998.75,118750,AO05,Very satisfied,,Early-career (0-5 y),30-39,0-5 years,TRUE
2026-06-14,2026-06-14,2026-06-14,1980,2011,46,TRUE,Man,Swiss,TI,TI,Occasional,Ten years or more,PhD,Swiss,,NA,TRUE,TRUE,Employed,Statistician,Government / Public administration,13,80,Middle management,,"Statistical programming (R, SAS, Python (Statistics and ML libraries), SPSS, Stata, etc.); Scientific writing and/or research; Project management; Time management",,80 000 - 89 999,80000,85000,89999,85000,100000,106250,112498.75,106250,AO04,Quite satisfied,,Mid-career (6-15 y),40-49,11-20 years,TRUE
2026-06-15,2026-06-15,2026-06-15,1988,2013,38,TRUE,Woman,Swiss,VD,VD,Not a member,NA,University master,Swiss,,No,FALSE,TRUE,Employed,Statistical programmer,Government / Public administration,10,70,No managerial function,,"Statistical programming (R, SAS, Python (Statistics and ML libraries), SPSS, Stata, etc.); Other programming (C, C++, Java, Python, etc.); Data visualization (Power BI, Tableau, Looker Studio, etc.); Scientific writing and/or research; Project management",,100 000 - 109 999,100000,105000,109999,105000,142857.14285714287,150000,157141.42857142858,150000,AO06,Quite satisfied,,Mid-career (6-15 y),30-39,6-10 years,FALSE
2026-06-18,2026-06-18,2026-06-17,1990,2020,36,FALSE,Man,Europe,GR,GR,NA,NA,University master,North America,,"Certified online training (Coursera, Edx, etc.)",TRUE,TRUE,Employed,Biostatistician,Higher education / Research / Academia,5,100,No managerial function,,"Statistical programming (R, SAS, Python (Statistics and ML libraries), SPSS, Stata, etc.); Scientific writing and/or research",,90 000 - 99 999,90000,95000,99999,95000,90000,95000,99999,95000,AO05,Very satisfied,,Early-career (0-5 y),30-39,0-5 years,FALSE
2026-06-19,2026-06-19,2026-06-19,1972,2000,54,TRUE,Man,Europe,TI,TI,Volunteer,Less than five years,PhD,South and Central America,,No,FALSE,TRUE,Employed,Professor of statistics,Higher education / Research / Academia,26,100,Top management,,"Statistical programming (R, SAS, Python (Statistics and ML libraries), SPSS, Stata, etc.); Scientific writing and/or research; Project management",,≥ 200 000,200000,205000,NA,205000,200000,205000,NA,205000,AO16,Very satisfied,,Senior (16+ y),50-59,20+ years,TRUE
2026-06-21,2026-06-21,2026-06-21,1978,2010,48,TRUE,Woman,Swiss,VD,VS,Volunteer,Less than ten years,PhD,Swiss,,Post-Doc,TRUE,TRUE,Employed,NA,Higher education / Research / Academia,25,100,Top management,,"Statistical programming (R, SAS, Python (Statistics and ML libraries), SPSS, Stata, etc.); Scientific writing and/or research; Project management; Time management",,130 000 - 139 999,130000,135000,139999,135000,130000,135000,139999,135000,AO09,Very satisfied,,Senior (16+ y),40-49,20+ years,TRUE
2026-06-21,2026-06-21,2026-06-21,1987,2016,39,TRUE,Woman,Swiss,AG,AG,Not a member,NA,PhD,Swiss,,Post-Doc,TRUE,TRUE,Employed,Research statistician (methodological / theoretical),Primary or Secondary Education,5,70,Middle management,,"Statistical programming (R, SAS, Python (Statistics and ML libraries), SPSS, Stata, etc.); Other programming (C, C++, Java, Python, etc.); Data visualization (Power BI, Tableau, Looker Studio, etc.); Scientific writing and/or research; Project management",,90 000 - 99 999,90000,95000,99999,95000,128571.42857142858,135714.2857142857,142855.7142857143,135714.2857142857,AO05,Very satisfied,,Early-career (0-5 y),30-39,0-5 years,FALSE
2026-06-22,2026-06-22,2026-06-22,2000,2026,26,TRUE,Woman,Swiss,VS,BE,Not a member,NA,University master,Swiss,,No,FALSE,TRUE,Employed,Research statistician (methodological / theoretical),Higher education / Research / Academia,3,100,No managerial function,,"Statistical programming (R, SAS, Python (Statistics and ML libraries), SPSS, Stata, etc.); Scientific writing and/or research; Project management",,60 000 - 69 999,60000,65000,69999,65000,60000,65000,69999,65000,AO02,Neutral,,Early-career (0-5 y),< 30,0-5 years,FALSE
2026-06-22,2026-06-22,2026-06-22,1978,2007,48,TRUE,Man,Swiss,BE,BE,Not a member,NA,PhD,Swiss,,No,FALSE,TRUE,Employed,Geschäftsführer,Higher education / Research / Academia,15,100,Top management,,"Statistical programming (R, SAS, Python (Statistics and ML libraries), SPSS, Stata, etc.); Scientific writing and/or research; Project management",,≥ 200 000,200000,205000,NA,205000,200000,205000,NA,205000,AO16,Very satisfied,,Mid-career (6-15 y),40-49,11-20 years,FALSE
2026-06-22,2026-06-22,2026-06-22,1987,2011,39,TRUE,Man,Swiss,SO,BE,Not a member,NA,University master,Swiss,,No,FALSE,TRUE,Employed,Leiter Abteilung Arbeits- und Organisationspsychologie,Audit/ Consulting/ Professional service,15,80,Middle management,,"Statistical programming (R, SAS, Python (Statistics and ML libraries), SPSS, Stata, etc.); Data visualization (Power BI, Tableau, Looker Studio, etc.); Scientific writing and/or research; Project management; Time management",,80 000 - 89 999,80000,85000,89999,85000,100000,106250,112498.75,106250,AO04,Very satisfied,,Mid-career (6-15 y),30-39,11-20 years,FALSE
2026-06-22,2026-06-22,2026-06-22,1983,2012,43,FALSE,Man,Swiss,BE,BE,NA,NA,University master,Swiss,,No,FALSE,TRUE,Employed,Data scientist,Audit/ Consulting/ Professional service,15,80,Top management,,"Statistical programming (R, SAS, Python (Statistics and ML libraries), SPSS, Stata, etc.); Data visualization (Power BI, Tableau, Looker Studio, etc.); Scientific writing and/or research; Project management; Time management",,≥ 200 000,200000,205000,NA,205000,250000,256250,NA,256250,AO16,Neutral,,Mid-career (6-15 y),40-49,11-20 years,FALSE
2026-06-23,2026-06-23,2026-06-23,1982,2014,44,TRUE,Man,Europe,BE,VS,Not a member,NA,PhD,Swiss,,No,FALSE,TRUE,Employed,Econometrician,Higher education / Research / Academia,15,100,Top management,,"Statistical programming (R, SAS, Python (Statistics and ML libraries), SPSS, Stata, etc.); Scientific writing and/or research; Project management; Time management",,≥ 200 000,200000,205000,NA,205000,200000,205000,NA,205000,AO16,Very satisfied,,Mid-career (6-15 y),40-49,11-20 years,FALSE
2026-06-24,2026-06-24,2026-06-24,1970,1999,56,TRUE,Woman,Swiss,GE,GE,Active,Ten years or more,PhD,Swiss,,Further training with an employer,TRUE,TRUE,Employed,Professor of statistics,Other,30,100,Top management,,"Statistical programming (R, SAS, Python (Statistics and ML libraries), SPSS, Stata, etc.); Scientific writing and/or research; Project management; Time management",,≥ 200 000,200000,205000,NA,205000,200000,205000,NA,205000,AO16,Quite satisfied,,Senior (16+ y),50-59,20+ years,TRUE
2026-06-24,2026-06-24,2026-06-24,1993,2020,33,FALSE,Man,Swiss,BE,ZH,NA,NA,University master,Swiss,,"MAS, DAS, CAS",TRUE,TRUE,Employed,Economist,Nonprofit organization / Social,6,100,Middle management,,"Statistical programming (R, SAS, Python (Statistics and ML libraries), SPSS, Stata, etc.); Data visualization (Power BI, Tableau, Looker Studio, etc.); Scientific writing and/or research; Project management",,120 000 - 129 999,120000,125000,129999,125000,120000,125000,129999,125000,AO08,Very satisfied,,Mid-career (6-15 y),30-39,6-10 years,FALSE
2026-06-24,2026-06-24,2026-06-24,1996,2023,30,FALSE,Man,Swiss,BE,ZH,NA,NA,University master,Swiss,,No,FALSE,TRUE,Employed,Economist,Audit/ Consulting/ Professional service,3,100,No managerial function,,"Statistical programming (R, SAS, Python (Statistics and ML libraries), SPSS, Stata, etc.); Scientific writing and/or research; Project management",,90 000 - 99 999,90000,95000,99999,95000,90000,95000,99999,95000,AO05,Neutral,,Early-career (0-5 y),30-39,0-5 years,FALSE
2026-06-24,2026-06-24,2026-06-24,1968,2013,58,TRUE,Man,Swiss,ZH,NE,Active,Ten years or more,PhD,Swiss,,NA,TRUE,TRUE,Employed,Statistician,Government / Public administration,16,100,Top management,,Project management,,≥ 200 000,200000,205000,NA,205000,200000,205000,NA,205000,AO16,Very satisfied,,Senior (16+ y),50-59,11-20 years,TRUE
2026-06-24,2026-06-24,2026-06-24,1992,2024,34,TRUE,Woman,Swiss,ZH,BE,Not a member,NA,University master,Swiss,,No,FALSE,TRUE,Employed,Psychology PhD student,Higher education / Research / Academia,2,20,Other,,"Statistical programming (R, SAS, Python (Statistics and ML libraries), SPSS, Stata, etc.); Scientific writing and/or research",,80 000 - 89 999,80000,85000,89999,85000,400000,425000,449995,425000,AO04,Very satisfied,,Early-career (0-5 y),30-39,0-5 years,FALSE
2026-06-24,2026-06-24,2026-06-24,1996,2024,30,TRUE,Woman,Europe,VD,VD,Not a member,NA,PhD,Swiss,,Post-Doc,TRUE,TRUE,Employed,Research statistician (methodological / theoretical),Other,2,100,No managerial function,,"Statistical programming (R, SAS, Python (Statistics and ML libraries), SPSS, Stata, etc.)",,90 000 - 99 999,90000,95000,99999,95000,90000,95000,99999,95000,AO05,Quite satisfied,,Early-career (0-5 y),30-39,0-5 years,FALSE
2026-06-24,2026-06-24,2026-06-24,1991,2019,35,TRUE,Man,Europe,BE,VS,Not a member,NA,PhD,North America,,Post-Doc,TRUE,TRUE,Employed,Professor of statistics,Higher education / Research / Academia,13,100,No managerial function,,"Statistical programming (R, SAS, Python (Statistics and ML libraries), SPSS, Stata, etc.); Other programming (C, C++, Java, Python, etc.); Scientific writing and/or research; Project management; Time management",,100 000 - 109 999,100000,105000,109999,105000,100000,105000,109999,105000,AO06,Very satisfied,,Mid-career (6-15 y),30-39,11-20 years,FALSE
2026-06-24,2026-06-24,2026-06-24,1980,2023,46,TRUE,Woman,Swiss,BL,ZH,Occasional,Ten years or more,PhD,Swiss,,"MAS, DAS, CAS",TRUE,TRUE,Employed,Head of Statistics,Banking / Finance / Insurance,18,100,Top management,,"Statistical programming (R, SAS, Python (Statistics and ML libraries), SPSS, Stata, etc.); Data visualization (Power BI, Tableau, Looker Studio, etc.); Project management; Time management",,≥ 200 000,200000,205000,NA,205000,200000,205000,NA,205000,AO16,Very satisfied,,Senior (16+ y),40-49,11-20 years,TRUE
2026-06-25,2026-06-25,2026-06-25,1992,2021,34,FALSE,Woman,Swiss,BE,BE,NA,NA,University master,Swiss,,No,FALSE,TRUE,Employed,wissenschaftliche Mitarbeiterin,Hospital/ Healthcare,5,80,Middle management,,"Statistical programming (R, SAS, Python (Statistics and ML libraries), SPSS, Stata, etc.); Scientific writing and/or research; Project management",,70 000 - 79 999,70000,75000,79999,75000,87500,93750,99998.75,93750,AO03,Neutral,,Early-career (0-5 y),30-39,0-5 years,FALSE
2026-06-25,2026-06-25,2026-06-25,1980,2011,46,TRUE,Man,Swiss,ZH,ZH,Not a member,NA,PhD,Swiss,,NA,TRUE,TRUE,Employed,Econometrician,Government / Public administration,15,100,Middle management,,"Statistical programming (R, SAS, Python (Statistics and ML libraries), SPSS, Stata, etc.); Data visualization (Power BI, Tableau, Looker Studio, etc.); Scientific writing and/or research; Project management",,≥ 200 000,200000,205000,NA,205000,200000,205000,NA,205000,AO16,Quite satisfied,,Mid-career (6-15 y),40-49,11-20 years,FALSE
2026-06-25,2026-06-25,2026-06-25,1978,2004,48,TRUE,Man,Swiss,SO,ZH,Not a member,NA,Bachelor of applied science,Swiss,,NA,TRUE,TRUE,Employed,Data analyst,Banking / Finance / Insurance,22,100,No managerial function,,"Statistical programming (R, SAS, Python (Statistics and ML libraries), SPSS, Stata, etc.); Other programming (C, C++, Java, Python, etc.); Data visualization (Power BI, Tableau, Looker Studio, etc.); Project management",,140 000 - 149 999,140000,145000,149999,145000,140000,145000,149999,145000,AO10,Quite satisfied,,Senior (16+ y),40-49,20+ years,FALSE
2026-06-30,2026-06-30,2026-06-30,1974,1997,52,TRUE,Man,Swiss,NE,NE,Active,Ten years or more,Master of applied science,Swiss,,Other,TRUE,TRUE,Employed,Fonction dirigeante,Government / Public administration,25,100,Top management,,NA,,≥ 200 000,200000,205000,NA,205000,200000,205000,NA,205000,AO16,Quite satisfied,,Senior (16+ y),50-59,20+ years,TRUE
2026-07-02,2026-07-02,2026-07-02,1962,1987,64,TRUE,Woman,Swiss,VD,VD,Occasional,Less than ten years,PhD,Swiss,,Further training with an employer,TRUE,TRUE,Employed,Professor of statistics,Higher education / Research / Academia,25,70,Top management,,"Statistical programming (R, SAS, Python (Statistics and ML libraries), SPSS, Stata, etc.); Scientific writing and/or research; Project management",,80 000 - 89 999,80000,85000,89999,85000,114285.71428571429,121428.57142857142,128570,121428.57142857142,AO04,Very satisfied,,Senior (16+ y),60+,20+ years,TRUE
2026-07-03,2026-07-03,2026-07-03,1970,1998,56,TRUE,Man,Swiss,VD,NE,Active,Ten years or more,University master,Swiss,,No,FALSE,TRUE,Employed,Statistician,Other,28,100,Lower management,,"Statistical programming (R, SAS, Python (Statistics and ML libraries), SPSS, Stata, etc.); Other programming (C, C++, Java, Python, etc.); Project management",,140 000 - 149 999,140000,145000,149999,145000,140000,145000,149999,145000,AO10,Quite satisfied,,Senior (16+ y),50-59,20+ years,TRUE
2026-07-03,2026-07-03,2026-07-03,1975,2000,51,TRUE,Man,Swiss,BE,NE,Occasional,Ten years or more,University master,Swiss,,Further training with an employer,TRUE,TRUE,Employed,Statistician,Government / Public administration,25,90,No managerial function,,"Statistical programming (R, SAS, Python (Statistics and ML libraries), SPSS, Stata, etc.); Data visualization (Power BI, Tableau, Looker Studio, etc.); Scientific writing and/or research",,130 000 - 139 999,130000,135000,139999,135000,144444.44444444444,150000,155554.44444444444,150000,AO09,Very satisfied,,Senior (16+ y),50-59,20+ years,TRUE
2026-07-03,2026-07-03,2026-07-03,1966,1998,60,TRUE,Man,Europe,BS,BS,Occasional,Ten years or more,PhD,North America,,No,FALSE,TRUE,Employed,Professor of statistics,Higher education / Research / Academia,31,100,Top management,,"Statistical programming (R, SAS, Python (Statistics and ML libraries), SPSS, Stata, etc.); Scientific writing and/or research",,≥ 200 000,200000,205000,NA,205000,200000,205000,NA,205000,AO16,Quite satisfied,,Senior (16+ y),60+,20+ years,TRUE
2026-07-03,2026-07-03,2026-07-03,1983,2011,43,TRUE,Woman,Swiss,FR,FR,Occasional,Less than five years,University master,Swiss,,"MAS, DAS, CAS",TRUE,TRUE,Employed,Statistician,Government / Public administration,16,80,No managerial function,,"Statistical programming (R, SAS, Python (Statistics and ML libraries), SPSS, Stata, etc.); Data visualization (Power BI, Tableau, Looker Studio, etc.); Scientific writing and/or research; Project management",,90 000 - 99 999,90000,95000,99999,95000,112500,118750,124998.75,118750,AO05,Very satisfied,,Senior (16+ y),40-49,11-20 years,TRUE
2026-07-03,2026-07-03,2026-07-03,1988,2023,38,TRUE,Man,Europe,TI,TI,Passive,Less than five years,PhD,Swiss,,No,FALSE,TRUE,Employed,Statistical researcher (applied),Higher education / Research / Academia,12,100,No managerial function,,"Statistical programming (R, SAS, Python (Statistics and ML libraries), SPSS, Stata, etc.); Other programming (C, C++, Java, Python, etc.); Data visualization (Power BI, Tableau, Looker Studio, etc.); Scientific writing and/or research",,80 000 - 89 999,80000,85000,89999,85000,80000,85000,89999,85000,AO04,Quite satisfied,,Mid-career (6-15 y),30-39,11-20 years,TRUE
2026-07-03,2026-07-03,2026-07-03,1969,2001,57,TRUE,Man,Europe,SG,ZH,Passive,Ten years or more,PhD,Swiss,,NA,TRUE,TRUE,Employed,Data scientist,Banking / Finance / Insurance,20,100,No managerial function,,"Statistical programming (R, SAS, Python (Statistics and ML libraries), SPSS, Stata, etc.); Data visualization (Power BI, Tableau, Looker Studio, etc.); Project management; Time management",,150 000 - 159 999,150000,155000,159999,155000,150000,155000,159999,155000,AO11,Quite satisfied,,Senior (16+ y),50-59,11-20 years,TRUE
2026-07-03,2026-07-03,2026-07-03,1962,1995,64,TRUE,Man,Swiss,NE,NE,Passive,Ten years or more,University master,North America,,Further training with an employer,TRUE,TRUE,Employed,Professor of statistics,Higher education / Research / Academia,24,100,Middle management,,"Statistical programming (R, SAS, Python (Statistics and ML libraries), SPSS, Stata, etc.); Project management",,150 000 - 159 999,150000,155000,159999,155000,150000,155000,159999,155000,AO11,Quite satisfied,,Senior (16+ y),60+,20+ years,TRUE
2026-07-03,2026-07-03,2026-07-03,1957,1992,69,TRUE,Man,Swiss,BE,Not in Switzerland,Passive,Ten years or more,PhD,Swiss,,Further training with an employer,TRUE,TRUE,Employed,Survey statistician / sampling statistician,Primary or Secondary Education,40,5,Other,,"Statistical programming (R, SAS, Python (Statistics and ML libraries), SPSS, Stata, etc.); Scientific writing and/or research; Project management; Time management",,160 000 - 169 999,160000,165000,169999,165000,3200000,3300000,3399980.0000000005,3300000,AO12,Quite satisfied,,Senior (16+ y),60+,20+ years,TRUE
2026-07-03,2026-07-03,2026-07-03,1983,2015,43,TRUE,Woman,Swiss,FR,FR,Occasional,Less than ten years,PhD,Swiss,,No,FALSE,TRUE,Employed,Professor of math and stat,Higher education / Research / Academia,15,80,Middle management,,"Statistical programming (R, SAS, Python (Statistics and ML libraries), SPSS, Stata, etc.); Scientific writing and/or research; Project management",,100 000 - 109 999,100000,105000,109999,105000,125000,131250,137498.75,131250,AO06,Very satisfied,,Mid-career (6-15 y),40-49,11-20 years,TRUE
2026-07-03,2026-07-03,2026-07-03,1991,2020,35,TRUE,Woman,Europe,FR,FR,Active,Ten years or more,PhD,Swiss,,NA,TRUE,TRUE,Employed,Professor of statistics,Higher education / Research / Academia,14,100,Middle management,,"Statistical programming (R, SAS, Python (Statistics and ML libraries), SPSS, Stata, etc.); Other programming (C, C++, Java, Python, etc.); Data visualization (Power BI, Tableau, Looker Studio, etc.); Scientific writing and/or research; Project management; Time management",,110 000 - 119 999,110000,115000,119999,115000,110000,115000,119999,115000,AO07,Quite satisfied,,Mid-career (6-15 y),30-39,11-20 years,TRUE
2026-07-03,2026-07-03,2026-07-03,1979,2017,47,TRUE,Woman,Swiss,ZH,SH,Occasional,Less than five years,University master,Swiss,,"MAS, DAS, CAS",TRUE,TRUE,Employed,Wissenschaftliche Mitarbeiterin,Government / Public administration,9,70,No managerial function,,"Statistical programming (R, SAS, Python (Statistics and ML libraries), SPSS, Stata, etc.); Data visualization (Power BI, Tableau, Looker Studio, etc.); Scientific writing and/or research; Project management; Time management",,80 000 - 89 999,80000,85000,89999,85000,114285.71428571429,121428.57142857142,128570,121428.57142857142,AO04,Very satisfied,,Mid-career (6-15 y),40-49,6-10 years,TRUE
2026-07-04,2026-07-04,2026-07-04,1973,2005,53,TRUE,Man,Swiss,AG,AG,Passive,Ten years or more,PhD,Swiss,,Other,TRUE,TRUE,Employed,Analytical Scientist and Statistician,Pharmaceuticals,12,100,No managerial function,,"Statistical programming (R, SAS, Python (Statistics and ML libraries), SPSS, Stata, etc.); Scientific writing and/or research",,100 000 - 109 999,100000,105000,109999,105000,100000,105000,109999,105000,AO06,Very satisfied,,Mid-career (6-15 y),50-59,11-20 years,TRUE
2026-07-05,2026-07-05,2026-07-05,1977,2006,49,TRUE,Man,Swiss,BE,BE,Passive,Ten years or more,PhD,Swiss,,Post-Doc,TRUE,TRUE,Employed,Biostatistician,Pharmaceuticals,14,90,Middle management,,"Statistical programming (R, SAS, Python (Statistics and ML libraries), SPSS, Stata, etc.); Scientific writing and/or research; Project management; Time management",,≥ 200 000,200000,205000,NA,205000,222222.22222222222,227777.77777777778,NA,227777.77777777778,AO16,Very satisfied,,Mid-career (6-15 y),40-49,11-20 years,TRUE
2026-07-06,2026-07-06,2026-07-06,1967,1998,59,TRUE,Woman,Swiss,VD,NE,Occasional,Ten years or more,PhD,Swiss,,"MAS, DAS, CAS",TRUE,TRUE,Employed,Statistician,Government / Public administration,27,80,Lower management,,"Statistical programming (R, SAS, Python (Statistics and ML libraries), SPSS, Stata, etc.); Scientific writing and/or research; Project management",,90 000 - 99 999,90000,95000,99999,95000,112500,118750,124998.75,118750,AO05,Quite satisfied,,Senior (16+ y),50-59,20+ years,TRUE
2026-07-06,2026-07-06,2026-07-06,1983,2012,43,TRUE,Man,Swiss,GE,GE,Occasional,Ten years or more,PhD,Swiss,,Other,TRUE,TRUE,Employed,Statistician,Government / Public administration,14,90,No managerial function,,"Statistical programming (R, SAS, Python (Statistics and ML libraries), SPSS, Stata, etc.); Scientific writing and/or research",,130 000 - 139 999,130000,135000,139999,135000,144444.44444444444,150000,155554.44444444444,150000,AO09,Very satisfied,,Mid-career (6-15 y),40-49,11-20 years,TRUE
2026-07-06,2026-07-06,2026-07-06,1997,2022,29,TRUE,Woman,Europe,BE,VS,Not a member,NA,University master,Swiss,,Other,TRUE,TRUE,Employed,Data analyst,Higher education / Research / Academia,4,35,No managerial function,,"Statistical programming (R, SAS, Python (Statistics and ML libraries), SPSS, Stata, etc.); Data visualization (Power BI, Tableau, Looker Studio, etc.); Scientific writing and/or research",,< 60 000,NA,55000,59999,55000,NA,157142.85714285713,171425.71428571426,157142.85714285713,AO01,Not quite satisfied,,Early-career (0-5 y),< 30,0-5 years,FALSE
2026-07-06,2026-07-06,2026-07-06,1991,2022,35,TRUE,Woman,Swiss,NE,VD,Active,Less than five years,PhD,Swiss,,Further training with an employer,TRUE,TRUE,Employed,Cheffe de projet de recherche,Government / Public administration,8,89,Middle management,,"Statistical programming (R, SAS, Python (Statistics and ML libraries), SPSS, Stata, etc.); Scientific writing and/or research; Project management",,90 000 - 99 999,90000,95000,99999,95000,101123.59550561798,106741.57303370787,112358.42696629213,106741.57303370787,AO05,Quite satisfied,,Mid-career (6-15 y),30-39,6-10 years,TRUE
2026-07-20,2026-07-20,2026-07-20,1970,1999,56,TRUE,Man,Swiss,GE,GE,Passive,Less than five years,PhD,South and Central America,,No,FALSE,TRUE,Employed,Psychometrician,Higher education / Research / Academia,27,100,Top management,,"Statistical programming (R, SAS, Python (Statistics and ML libraries), SPSS, Stata, etc.); Scientific writing and/or research; Project management; Time management",,≥ 200 000,200000,205000,NA,205000,200000,205000,NA,205000,AO16,Very satisfied,,Senior (16+ y),50-59,20+ years,TRUE
2026-07-22,2026-07-22,2026-07-22,1973,2000,53,FALSE,Man,Europe,Not in Switzerland,I do not work,NA,NA,University master,North America,,No,FALSE,FALSE,Unemployed,chemist,Pharmaceuticals,20,100,No managerial function,,"Data visualization (Power BI, Tableau, Looker Studio, etc.); Scientific writing and/or research; Project management; Time management",,110 000 - 119 999,110000,115000,119999,115000,110000,115000,119999,115000,AO07,Neutral,,Senior (16+ y),50-59,11-20 years,FALSE
2026-08-03,2026-08-03,2026-08-03,1973,2002,53,TRUE,Woman,Swiss,ZH,ZH,Not a member,NA,PhD,North America,,Further training with an employer,TRUE,TRUE,Employed,Professor of statistics,Hospital/ Healthcare,25,90,Middle management,,"Statistical programming (R, SAS, Python (Statistics and ML libraries), SPSS, Stata, etc.); Data visualization (Power BI, Tableau, Looker Studio, etc.); Scientific writing and/or research; Project management",,130 000 - 139 999,130000,135000,139999,135000,144444.44444444444,150000,155554.44444444444,150000,AO09,Quite satisfied,,Senior (16+ y),50-59,20+ years,FALSE
2026-08-03,2026-08-03,2026-08-03,1993,2023,33,TRUE,Man,Swiss,ZH,ZH,Not a member,NA,PhD,Swiss,,Post-Doc,TRUE,TRUE,Employed,Research statistician (methodological / theoretical),None,7,100,No managerial function,,"Statistical programming (R, SAS, Python (Statistics and ML libraries), SPSS, Stata, etc.); Other programming (C, C++, Java, Python, etc.); Data visualization (Power BI, Tableau, Looker Studio, etc.); Scientific writing and/or research; Project management; Time management",,100 000 - 109 999,100000,105000,109999,105000,100000,105000,109999,105000,AO06,Quite satisfied,,Mid-career (6-15 y),30-39,6-10 years,FALSE
2026-08-03,2026-08-03,2026-08-03,2003,2026,23,FALSE,Woman,Swiss,ZH,ZH,NA,NA,Master of applied science,Swiss,,No,FALSE,TRUE,Employed,Biostatistician,Pharmaceuticals,1,100,Other,,"Statistical programming (R, SAS, Python (Statistics and ML libraries), SPSS, Stata, etc.); Scientific writing and/or research; Time management",,< 60 000,NA,55000,59999,55000,NA,55000,59999,55000,AO01,Very satisfied,,Early-career (0-5 y),< 30,0-5 years,FALSE
2026-08-03,2026-08-03,2026-08-03,1999,2022,27,TRUE,Prefer not to say,Europe,ZH,ZH,Not a member,NA,University master,Swiss,,No,FALSE,TRUE,Employed,Research statistician (methodological / theoretical),Higher education / Research / Academia,3,100,No managerial function,,"Statistical programming (R, SAS, Python (Statistics and ML libraries), SPSS, Stata, etc.); Scientific writing and/or research",,< 60 000,NA,55000,59999,55000,NA,55000,59999,55000,AO01,Very satisfied,,Early-career (0-5 y),< 30,0-5 years,FALSE
2026-08-03,2026-08-03,2026-08-03,1966,1997,60,TRUE,Man,Swiss,ZH,ZH,Not a member,NA,PhD,North America,,No,FALSE,TRUE,Employed,Professor of statistics,Higher education / Research / Academia,30,100,Top management,,"Statistical programming (R, SAS, Python (Statistics and ML libraries), SPSS, Stata, etc.); Scientific writing and/or research; Project management",,≥ 200 000,200000,205000,NA,205000,200000,205000,NA,205000,AO16,Quite satisfied,,Senior (16+ y),60+,20+ years,FALSE
2026-08-03,2026-08-03,2026-08-03,1999,2026,27,FALSE,Man,Swiss,ZH,ZH,NA,NA,University master,Swiss,,No,FALSE,TRUE,Employed,Assistant,Higher education / Research / Academia,0,80,Intern / Entry level position,,"Statistical programming (R, SAS, Python (Statistics and ML libraries), SPSS, Stata, etc.)",,70 000 - 79 999,70000,75000,79999,75000,87500,93750,99998.75,93750,AO03,Neutral,,Early-career (0-5 y),< 30,0-5 years,FALSE
2026-08-06,2026-08-06,2026-08-06,1980,2013,46,TRUE,Man,Swiss,BE,BE,Passive,Less than five years,PhD,Swiss,,NA,TRUE,TRUE,Employed,Statistician,Hospital/ Healthcare,5,85,No managerial function,,"Statistical programming (R, SAS, Python (Statistics and ML libraries), SPSS, Stata, etc.); Data visualization (Power BI, Tableau, Looker Studio, etc.); Scientific writing and/or research",,110 000 - 119 999,110000,115000,119999,115000,129411.76470588235,135294.11764705883,141175.29411764705,135294.11764705883,AO07,Very satisfied,,Early-career (0-5 y),40-49,0-5 years,TRUE
2026-08-10,2026-08-10,2026-08-10,1982,2013,44,TRUE,Woman,Swiss,ZH,ZH,Not a member,NA,PhD,Swiss,,Post-Doc,TRUE,TRUE,Employed,Biostatistician,Higher education / Research / Academia,19,60,Middle management,,"Statistical programming (R, SAS, Python (Statistics and ML libraries), SPSS, Stata, etc.); Data visualization (Power BI, Tableau, Looker Studio, etc.); Scientific writing and/or research; Project management; Time management",,< 60 000,NA,55000,59999,55000,NA,91666.66666666666,99998.33333333333,91666.66666666666,AO01,Very satisfied,,Senior (16+ y),40-49,11-20 years,FALSE
2026-08-11,2026-08-11,2026-08-11,1986,2018,40,TRUE,Woman,Swiss,LU,ZH,Occasional,Less than ten years,PhD,Swiss,,Post-Doc,TRUE,TRUE,Employed,Research statistician (methodological / theoretical),Higher education / Research / Academia,4,100,No managerial function,,"Statistical programming (R, SAS, Python (Statistics and ML libraries), SPSS, Stata, etc.); Data visualization (Power BI, Tableau, Looker Studio, etc.); Scientific writing and/or research; Time management",,80 000 - 89 999,80000,85000,89999,85000,80000,85000,89999,85000,AO04,Quite satisfied,,Early-career (0-5 y),40-49,0-5 years,TRUE
2026-08-21,2026-08-21,2026-08-21,1979,2014,47,TRUE,Woman,Swiss,ZH,ZH,Occasional,Ten years or more,University master,Swiss,,No,FALSE,TRUE,Employed,Wissenschaftliche Mitarbeiterin (Biostatistician),Higher education / Research / Academia,12,80,No managerial function,,"Statistical programming (R, SAS, Python (Statistics and ML libraries), SPSS, Stata, etc.); Data visualization (Power BI, Tableau, Looker Studio, etc.); Scientific writing and/or research; Time management",,80 000 - 89 999,80000,85000,89999,85000,100000,106250,112498.75,106250,AO04,Quite satisfied,,Mid-career (6-15 y),40-49,11-20 years,TRUE
2026-08-27,2026-08-27,2026-08-27,1968,2009,58,TRUE,Man,Swiss,BE,BE,Not a member,NA,PhD,Swiss,,No,FALSE,TRUE,Employed,Statistician,Transportation/ Rail,16,100,No managerial function,,"Other programming (C, C++, Java, Python, etc.); Data visualization (Power BI, Tableau, Looker Studio, etc.)",,160 000 - 169 999,160000,165000,169999,165000,160000,165000,169999,165000,AO12,Not quite satisfied,,Senior (16+ y),50-59,11-20 years,FALSE
2026-08-27,2026-08-27,2026-08-27,1998,2023,28,FALSE,Woman,Swiss,FR,BE,NA,NA,University master,Swiss,,No,FALSE,TRUE,Employed,Data scientist,IT/ Telecommunicatins industry,3,90,Intern / Entry level position,,"Statistical programming (R, SAS, Python (Statistics and ML libraries), SPSS, Stata, etc.)",,80 000 - 89 999,80000,85000,89999,85000,88888.88888888889,94444.44444444445,99998.88888888889,94444.44444444445,AO04,Quite satisfied,,Early-career (0-5 y),< 30,0-5 years,FALSE
2026-08-27,2026-08-27,2026-08-27,1985,2014,41,FALSE,Man,Swiss,BE,SO,NA,NA,PhD,Swiss,,No,FALSE,TRUE,Employed,Operations research analyst,Transportation/ Rail,8,100,Other,,"Statistical programming (R, SAS, Python (Statistics and ML libraries), SPSS, Stata, etc.); Other programming (C, C++, Java, Python, etc.); Data visualization (Power BI, Tableau, Looker Studio, etc.); Scientific writing and/or research; Project management",,130 000 - 139 999,130000,135000,139999,135000,130000,135000,139999,135000,AO09,Neutral,,Mid-career (6-15 y),40-49,6-10 years,FALSE
2026-08-27,2026-08-27,2026-08-27,1994,2020,32,TRUE,Man,Swiss,VD,BE,Not a member,NA,University master,Swiss,,No,FALSE,TRUE,Employed,Data engineer,Transportation/ Rail,5,70,No managerial function,,"Other programming (C, C++, Java, Python, etc.); Data visualization (Power BI, Tableau, Looker Studio, etc.)",,100 000 - 109 999,100000,105000,109999,105000,142857.14285714287,150000,157141.42857142858,150000,AO06,Quite satisfied,,Early-career (0-5 y),30-39,0-5 years,FALSE
2026-08-28,2026-08-28,2026-08-28,1987,2015,39,FALSE,Woman,Swiss,BE,BE,NA,NA,PhD,Swiss,,"MAS, DAS, CAS",TRUE,TRUE,Employed,Data scientist,Transportation/ Rail,7,100,No managerial function,,"Statistical programming (R, SAS, Python (Statistics and ML libraries), SPSS, Stata, etc.); Other programming (C, C++, Java, Python, etc.); Data visualization (Power BI, Tableau, Looker Studio, etc.); Scientific writing and/or research; Project management; Time management",,110 000 - 119 999,110000,115000,119999,115000,110000,115000,119999,115000,AO07,Not quite satisfied,,Mid-career (6-15 y),30-39,6-10 years,FALSE
2026-08-31,2026-08-31,2026-08-31,1976,2024,50,FALSE,Man,Swiss,AG,BE,NA,NA,Other,Swiss,,"MAS, DAS, CAS",TRUE,TRUE,Employed,Data manager,Transportation/ Rail,3,90,No managerial function,,"Data visualization (Power BI, Tableau, Looker Studio, etc.); Scientific writing and/or research; Project management",,110 000 - 119 999,110000,115000,119999,115000,122222.22222222222,127777.77777777778,133332.22222222222,127777.77777777778,AO07,Quite satisfied,,Early-career (0-5 y),50-59,0-5 years,FALSE
2026-08-31,2026-08-31,2026-08-31,1970,1999,56,TRUE,Man,Swiss,GE,GE,Passive,Less than five years,PhD,South and Central America,,No,FALSE,TRUE,Employed,university professor (but not statistics),Higher education / Research / Academia,27,100,Top management,,"Statistical programming (R, SAS, Python (Statistics and ML libraries), SPSS, Stata, etc.); Scientific writing and/or research; Project management",,≥ 200 000,200000,205000,NA,205000,200000,205000,NA,205000,AO16,Very satisfied,,Senior (16+ y),50-59,20+ years,TRUE
2026-08-31,2026-08-31,2026-08-31,1973,2009,53,TRUE,Man,Europe,BE,BE,Not a member,NA,PhD,North America,,Post-Doc,TRUE,TRUE,Employed,University lecturer,Higher education / Research / Academia,16,100,Middle management,,"Statistical programming (R, SAS, Python (Statistics and ML libraries), SPSS, Stata, etc.); Scientific writing and/or research",,160 000 - 169 999,160000,165000,169999,165000,160000,165000,169999,165000,AO12,Quite satisfied,,Senior (16+ y),50-59,11-20 years,FALSE
2026-09-02,2026-09-02,2026-09-02,1998,2024,28,FALSE,Woman,Europe,ZH,BE,NA,NA,University master,Swiss,,No,FALSE,TRUE,Employed,Data scientist,Transportation/ Rail,2,90,No managerial function,,"Statistical programming (R, SAS, Python (Statistics and ML libraries), SPSS, Stata, etc.); Other programming (C, C++, Java, Python, etc.); Data visualization (Power BI, Tableau, Looker Studio, etc.); Time management",,90 000 - 99 999,90000,95000,99999,95000,100000,105555.55555555556,111109.99999999999,105555.55555555556,AO05,Very satisfied,,Early-career (0-5 y),< 30,0-5 years,FALSE
2026-09-03,2026-09-03,2026-09-03,1993,2023,33,TRUE,Woman,Swiss,ZH,BE,Not a member,NA,PhD,Swiss,,No,FALSE,TRUE,Employed,Biostatistician,Higher education / Research / Academia,1,100,No managerial function,,"Statistical programming (R, SAS, Python (Statistics and ML libraries), SPSS, Stata, etc.); Scientific writing and/or research",,90 000 - 99 999,90000,95000,99999,95000,90000,95000,99999,95000,AO05,Very satisfied,,Early-career (0-5 y),30-39,0-5 years,FALSE
2026-09-04,2026-09-04,2026-09-04,1987,2013,39,FALSE,Man,Europe,BS,BS,NA,NA,PhD,North America,,No,FALSE,TRUE,Employed,Biostatistician,Pharmaceuticals,11,80,No managerial function,,"Statistical programming (R, SAS, Python (Statistics and ML libraries), SPSS, Stata, etc.); Data visualization (Power BI, Tableau, Looker Studio, etc.); Scientific writing and/or research",,150 000 - 159 999,150000,155000,159999,155000,187500,193750,199998.75,193750,AO11,Very satisfied,,Mid-career (6-15 y),30-39,11-20 years,FALSE
2026-09-08,2026-09-08,2026-09-08,1982,2012,44,TRUE,Woman,Europe,FR,BS,Not a member,NA,PhD,North America,,NA,TRUE,TRUE,Employed,Epidemiologist,Pharmaceuticals,12,100,No managerial function,,"Statistical programming (R, SAS, Python (Statistics and ML libraries), SPSS, Stata, etc.); Scientific writing and/or research; Project management",,160 000 - 169 999,160000,165000,169999,165000,160000,165000,169999,165000,AO12,Quite satisfied,,Mid-career (6-15 y),40-49,11-20 years,FALSE
2026-09-08,2026-09-08,2026-09-08,1990,2020,36,FALSE,Man,North America,BS,BS,NA,NA,PhD,South and Central America,,No,FALSE,TRUE,Employed,Biostatistician,Pharmaceuticals,6,100,No managerial function,,"Statistical programming (R, SAS, Python (Statistics and ML libraries), SPSS, Stata, etc.); Scientific writing and/or research; Project management; Time management",,170 000 - 179 999,170000,175000,179999,175000,170000,175000,179999,175000,AO13,Very satisfied,,Mid-career (6-15 y),30-39,6-10 years,FALSE
2026-09-08,2026-09-08,2026-09-08,1988,2020,38,TRUE,Woman,Swiss,ZH,BS,Not a member,NA,PhD,Swiss,,No,FALSE,TRUE,Employed,Biostatistician,Pharmaceuticals,6,100,Lower management,,"Statistical programming (R, SAS, Python (Statistics and ML libraries), SPSS, Stata, etc.); Data visualization (Power BI, Tableau, Looker Studio, etc.); Scientific writing and/or research",,140 000 - 149 999,140000,145000,149999,145000,140000,145000,149999,145000,AO10,Quite satisfied,,Mid-career (6-15 y),30-39,6-10 years,FALSE
2026-09-09,2026-09-09,2026-09-09,1980,2002,46,FALSE,Woman,Swiss,BS,BS,NA,NA,Master of applied science,North America,,No,FALSE,TRUE,Employed,Biostatistician,Pharmaceuticals,24,90,Lower management,,"Statistical programming (R, SAS, Python (Statistics and ML libraries), SPSS, Stata, etc.); Scientific writing and/or research; Project management; Time management",,180 000 - 189 999,180000,185000,189999,185000,200000,205555.55555555556,211110,205555.55555555556,AO14,Quite satisfied,,Senior (16+ y),40-49,20+ years,FALSE
2026-09-09,2026-09-09,2026-09-09,1965,1990,61,FALSE,Woman,Europe,Not in Switzerland,BS,NA,NA,Master of applied science,North America,,No,FALSE,TRUE,Employed,Biostatistician,Pharmaceuticals,35,100,Middle management,,"Statistical programming (R, SAS, Python (Statistics and ML libraries), SPSS, Stata, etc.); Scientific writing and/or research; Project management; Time management",,≥ 200 000,200000,205000,NA,205000,200000,205000,NA,205000,AO16,Very satisfied,,Senior (16+ y),60+,20+ years,FALSE
2026-09-09,2026-09-09,2026-09-09,2000,2024,26,FALSE,Woman,Europe,BS,BS,NA,NA,Master of applied science,Swiss,,No,FALSE,TRUE,Employed,Data scientist,Pharmaceuticals,1,100,No managerial function,,"Statistical programming (R, SAS, Python (Statistics and ML libraries), SPSS, Stata, etc.); Other programming (C, C++, Java, Python, etc.); Project management",,90 000 - 99 999,90000,95000,99999,95000,90000,95000,99999,95000,AO05,Very satisfied,,Early-career (0-5 y),< 30,0-5 years,FALSE
2026-09-09,2026-09-09,2026-09-09,1992,2015,34,FALSE,Woman,Europe,BS,BS,NA,NA,Master of applied science,North America,,No,FALSE,TRUE,Employed,Biostatistician,Pharmaceuticals,11,100,No managerial function,,"Statistical programming (R, SAS, Python (Statistics and ML libraries), SPSS, Stata, etc.); Scientific writing and/or research; Project management",,140 000 - 149 999,140000,145000,149999,145000,140000,145000,149999,145000,AO10,Neutral,,Mid-career (6-15 y),30-39,11-20 years,FALSE
2026-09-10,2026-09-10,2026-09-10,1997,2021,29,FALSE,Woman,North America,BE,ZH,NA,NA,University master,Swiss,,No,FALSE,TRUE,Employed,Data scientist,Pharmaceuticals,4,100,No managerial function,,"Statistical programming (R, SAS, Python (Statistics and ML libraries), SPSS, Stata, etc.); Scientific writing and/or research; Project management",,140 000 - 149 999,140000,145000,149999,145000,140000,145000,149999,145000,AO10,Quite satisfied,,Early-career (0-5 y),< 30,0-5 years,FALSE
2026-09-10,2026-09-10,2026-09-10,1982,2010,44,FALSE,Woman,Europe,BE,BE,NA,NA,PhD,North America,,No,FALSE,TRUE,Employed,Biostatistician,Hospital/ Healthcare,15,100,Middle management,,"Statistical programming (R, SAS, Python (Statistics and ML libraries), SPSS, Stata, etc.); Other programming (C, C++, Java, Python, etc.); Scientific writing and/or research; Project management",,120 000 - 129 999,120000,125000,129999,125000,120000,125000,129999,125000,AO08,Very satisfied,,Mid-career (6-15 y),40-49,11-20 years,FALSE
2026-09-10,2026-09-10,2026-09-10,1996,2023,30,TRUE,Woman,Middle East,ZH,BS,Not a member,NA,PhD,North America,,Post-Doc,TRUE,TRUE,Employed,Epidemiologist,Pharmaceuticals,3,100,No managerial function,,"Statistical programming (R, SAS, Python (Statistics and ML libraries), SPSS, Stata, etc.); Scientific writing and/or research",,110 000 - 119 999,110000,115000,119999,115000,110000,115000,119999,115000,AO07,Quite satisfied,,Early-career (0-5 y),30-39,0-5 years,FALSE
2026-09-10,2026-09-10,2026-09-10,1979,2006,47,TRUE,Woman,Asia,BL,BS,Not a member,NA,PhD,Oceania,,No,FALSE,TRUE,Employed,Biostatistician,Pharmaceuticals,20,100,No managerial function,,"Statistical programming (R, SAS, Python (Statistics and ML libraries), SPSS, Stata, etc.); Data visualization (Power BI, Tableau, Looker Studio, etc.); Scientific writing and/or research; Project management",,180 000 - 189 999,180000,185000,189999,185000,180000,185000,189999,185000,AO14,Quite satisfied,,Senior (16+ y),40-49,11-20 years,FALSE
2026-09-10,2026-09-10,2026-09-10,1979,2015,47,TRUE,Man,Swiss,FR,FR,Not a member,NA,University master,Swiss,,"MAS, DAS, CAS",TRUE,TRUE,Employed,Biostatistician,Hospital/ Healthcare,11,40,Other,,"Statistical programming (R, SAS, Python (Statistics and ML libraries), SPSS, Stata, etc.); Data visualization (Power BI, Tableau, Looker Studio, etc.); Scientific writing and/or research",,< 60 000,NA,55000,59999,55000,NA,137500,149997.5,137500,AO01,Quite satisfied,,Mid-career (6-15 y),40-49,11-20 years,FALSE
2026-09-11,2026-09-11,2026-09-11,1982,2006,44,TRUE,Woman,Europe,Not in Switzerland,BS,Not a member,NA,Master of applied science,North America,,Further training with an employer,TRUE,TRUE,Employed,Biostatistician,Pharmaceuticals,20,80,No managerial function,,"Statistical programming (R, SAS, Python (Statistics and ML libraries), SPSS, Stata, etc.); Scientific writing and/or research; Project management; Time management",,140 000 - 149 999,140000,145000,149999,145000,175000,181250,187498.75,181250,AO10,Very satisfied,,Senior (16+ y),40-49,11-20 years,FALSE
2026-09-14,2026-09-14,2026-09-14,1993,2020,33,TRUE,Man,Swiss,ZH,AG,Not a member,NA,Master of applied science,Swiss,,No,FALSE,TRUE,Employed,Biostatistician,Chemicals/ Ingredients,4,100,No managerial function,,"Statistical programming (R, SAS, Python (Statistics and ML libraries), SPSS, Stata, etc.); Scientific writing and/or research; Project management",,120 000 - 129 999,120000,125000,129999,125000,120000,125000,129999,125000,AO08,Very satisfied,,Early-career (0-5 y),30-39,0-5 years,FALSE
2026-09-14,2026-09-14,2026-09-14,1994,2025,32,FALSE,Man,Europe,BE,BE,NA,NA,PhD,North America,,Post-Doc,TRUE,TRUE,Employed,Epidemiologist,Higher education / Research / Academia,10,100,No managerial function,,"Statistical programming (R, SAS, Python (Statistics and ML libraries), SPSS, Stata, etc.); Scientific writing and/or research; Project management",,90 000 - 99 999,90000,95000,99999,95000,90000,95000,99999,95000,AO05,Quite satisfied,,Mid-career (6-15 y),30-39,6-10 years,FALSE
2026-09-15,2026-09-15,2026-09-15,1991,2013,35,FALSE,Woman,Europe,BS,BL,NA,NA,Master of applied science,North America,,No,FALSE,TRUE,Employed,Statistical programmer,Pharmaceuticals,15,100,Lower management,,"Statistical programming (R, SAS, Python (Statistics and ML libraries), SPSS, Stata, etc.); Project management",,170 000 - 179 999,170000,175000,179999,175000,170000,175000,179999,175000,AO13,Quite satisfied,,Mid-career (6-15 y),30-39,11-20 years,FALSE
2026-09-15,2026-09-15,2026-09-15,1992,2024,34,FALSE,Man,Europe,ZH,ZH,NA,NA,PhD,Swiss,,Post-Doc,TRUE,TRUE,Employed,Biostatistician,Hospital/ Healthcare,6,100,No managerial function,,"Statistical programming (R, SAS, Python (Statistics and ML libraries), SPSS, Stata, etc.); Other programming (C, C++, Java, Python, etc.); Scientific writing and/or research; Project management; Time management",,100 000 - 109 999,100000,105000,109999,105000,100000,105000,109999,105000,AO06,Quite satisfied,,Mid-career (6-15 y),30-39,6-10 years,FALSE
2026-09-15,2026-09-15,2026-09-15,1979,2006,47,TRUE,Man,Swiss,FR,BE,Not a member,NA,University master,Swiss,,No,FALSE,TRUE,Employed,Statistician,Higher education / Research / Academia,10,80,No managerial function,,"Statistical programming (R, SAS, Python (Statistics and ML libraries), SPSS, Stata, etc.); Scientific writing and/or research",,120 000 - 129 999,120000,125000,129999,125000,150000,156250,162498.75,156250,AO08,Quite satisfied,,Mid-career (6-15 y),40-49,6-10 years,FALSE
2026-09-15,2026-09-15,2026-09-15,1995,2024,31,FALSE,Woman,Europe,TI,TI,NA,NA,PhD,North America,,No,FALSE,TRUE,Employed,Data scientist,IT/ Telecommunicatins industry,3,100,No managerial function,,"Statistical programming (R, SAS, Python (Statistics and ML libraries), SPSS, Stata, etc.); Other programming (C, C++, Java, Python, etc.); Data visualization (Power BI, Tableau, Looker Studio, etc.); Scientific writing and/or research",,90 000 - 99 999,90000,95000,99999,95000,90000,95000,99999,95000,AO05,Neutral,,Early-career (0-5 y),30-39,0-5 years,FALSE
2026-09-16,2026-09-16,2026-09-16,1992,2023,34,FALSE,Woman,South and Central America,ZH,ZH,NA,NA,University master,Swiss,,NA,TRUE,TRUE,Employed,Data steward,Higher education / Research / Academia,1,100,Other,,"Statistical programming (R, SAS, Python (Statistics and ML libraries), SPSS, Stata, etc.); Scientific writing and/or research",,70 000 - 79 999,70000,75000,79999,75000,70000,75000,79999,75000,AO03,Not quite satisfied,,Early-career (0-5 y),30-39,0-5 years,FALSE
2026-09-17,2026-09-17,2026-09-17,1991,2020,35,FALSE,Woman,Europe,ZH,BS,NA,NA,Master of applied science,Swiss,,No,FALSE,TRUE,Employed,Biostatistician,Pharmaceuticals,1,100,No managerial function,,"Statistical programming (R, SAS, Python (Statistics and ML libraries), SPSS, Stata, etc.); Scientific writing and/or research; Project management; Time management",,120 000 - 129 999,120000,125000,129999,125000,120000,125000,129999,125000,AO08,Quite satisfied,,Early-career (0-5 y),30-39,0-5 years,FALSE
2026-09-17,2026-09-17,2026-09-17,1987,2026,39,TRUE,Woman,Swiss,VD,NE,Other,Less than one year,PhD,Swiss,,"MAS, DAS, CAS",TRUE,FALSE,Other,Biostatistician,Pharmaceuticals,1,100,Intern / Entry level position,,"Statistical programming (R, SAS, Python (Statistics and ML libraries), SPSS, Stata, etc.)",,< 60 000,NA,55000,59999,55000,NA,55000,59999,55000,AO01,Not quite satisfied,,Early-career (0-5 y),30-39,0-5 years,TRUE
2026-09-21,2026-09-21,2026-09-21,1983,2014,43,TRUE,Man,Europe,BE,NE,Not a member,NA,Master of applied science,North America,,"Certified online training (Coursera, Edx, etc.)",TRUE,TRUE,Employed,Biostatistician,Pharmaceuticals,11,100,Middle management,,"Statistical programming (R, SAS, Python (Statistics and ML libraries), SPSS, Stata, etc.); Scientific writing and/or research; Project management",,180 000 - 189 999,180000,185000,189999,185000,180000,185000,189999,185000,AO14,Very satisfied,,Mid-career (6-15 y),40-49,11-20 years,FALSE
2026-09-25,2026-09-25,2026-09-25,1975,2000,51,TRUE,Man,Swiss,BE,NE,Passive,Ten years or more,University master,Swiss,,No,FALSE,TRUE,Employed,Statistician,Government / Public administration,25,90,Lower management,,"Statistical programming (R, SAS, Python (Statistics and ML libraries), SPSS, Stata, etc.)",,120 000 - 129 999,120000,125000,129999,125000,133333.3333333333,138888.8888888889,144443.33333333334,138888.8888888889,AO08,Very satisfied,,Senior (16+ y),50-59,20+ years,TRUE
2026-09-25,2026-09-25,2026-09-25,1958,1984,68,TRUE,Man,Swiss,VD,VD,Occasional,Ten years or more,PhD,North America,,Other,TRUE,FALSE,Retired,Professor of statistics,Higher education / Research / Academia,42,100,Top management,,"Statistical programming (R, SAS, Python (Statistics and ML libraries), SPSS, Stata, etc.); Scientific writing and/or research",,≥ 200 000,200000,205000,NA,205000,200000,205000,NA,205000,AO16,Very satisfied,,Senior (16+ y),60+,20+ years,TRUE
2026-09-25,2026-09-25,2026-09-25,1974,2011,52,TRUE,Man,Swiss,BE,BS,Passive,Ten years or more,University master,Swiss,,NA,TRUE,TRUE,Employed,Biostatistician,Pharmaceuticals,16,100,No managerial function,,"Statistical programming (R, SAS, Python (Statistics and ML libraries), SPSS, Stata, etc.); Other programming (C, C++, Java, Python, etc.); Scientific writing and/or research",,140 000 - 149 999,140000,145000,149999,145000,140000,145000,149999,145000,AO10,Not quite satisfied,,Senior (16+ y),50-59,11-20 years,TRUE
2026-09-25,2026-09-25,2026-09-25,1972,2002,54,TRUE,Man,Swiss,ZH,ZH,Passive,Ten years or more,PhD,Swiss,,"MAS, DAS, CAS",TRUE,TRUE,Employed,Professor of statistics,Higher education / Research / Academia,25,100,Middle management,,"Statistical programming (R, SAS, Python (Statistics and ML libraries), SPSS, Stata, etc.); Other programming (C, C++, Java, Python, etc.); Data visualization (Power BI, Tableau, Looker Studio, etc.); Scientific writing and/or research; Project management",,≥ 200 000,200000,205000,NA,205000,200000,205000,NA,205000,AO16,Very satisfied,,Senior (16+ y),50-59,20+ years,TRUE
2026-09-25,2026-09-25,2026-09-25,2002,2023,24,TRUE,Man,Europe,VD,VD,Not a member,NA,University master,Swiss,,No,FALSE,TRUE,Employed,Research statistician (methodological / theoretical),Higher education / Research / Academia,3,100,Intern / Entry level position,,"Statistical programming (R, SAS, Python (Statistics and ML libraries), SPSS, Stata, etc.); Other programming (C, C++, Java, Python, etc.); Scientific writing and/or research",,< 60 000,NA,55000,59999,55000,NA,55000,59999,55000,AO01,Quite satisfied,,Early-career (0-5 y),< 30,0-5 years,FALSE
2026-09-25,2026-09-25,2026-09-25,1985,2012,41,TRUE,Woman,Swiss,ZH,ZH,Not a member,NA,PhD,Swiss,,NA,TRUE,TRUE,Employed,Scientific Staff Member,Higher education / Research / Academia,17,70,No managerial function,,"Statistical programming (R, SAS, Python (Statistics and ML libraries), SPSS, Stata, etc.); Scientific writing and/or research; Project management",,80 000 - 89 999,80000,85000,89999,85000,114285.71428571429,121428.57142857142,128570,121428.57142857142,AO04,Quite satisfied,,Senior (16+ y),40-49,11-20 years,FALSE
2026-09-25,2026-09-25,2026-09-25,1976,2001,50,TRUE,Man,Swiss,ZH,ZH,Not a member,NA,University master,Swiss,,Further training with an employer,TRUE,TRUE,Employed,Führungsfunktion in Statistikteam,Banking / Finance / Insurance,24,100,Lower management,,Scientific writing and/or research; Project management; Time management,,190 000 - 199 999,190000,195000,199999,195000,190000,195000,199999,195000,AO15,Very satisfied,,Senior (16+ y),50-59,20+ years,FALSE
2026-09-25,2026-09-25,2026-09-25,1988,2022,38,TRUE,Woman,Europe,BE,BE,Not a member,NA,PhD,Swiss,,Post-Doc,TRUE,TRUE,Employed,Research statistician (methodological / theoretical),Higher education / Research / Academia,13,100,Middle management,,"Statistical programming (R, SAS, Python (Statistics and ML libraries), SPSS, Stata, etc.); Scientific writing and/or research",,100 000 - 109 999,100000,105000,109999,105000,100000,105000,109999,105000,AO06,Neutral,,Mid-career (6-15 y),30-39,11-20 years,FALSE
2026-09-25,2026-09-25,2026-09-25,1993,2026,33,TRUE,Man,Europe,VD,GE,Not a member,NA,PhD,Swiss,,No,FALSE,TRUE,Employed,Lecturer,Higher education / Research / Academia,6,20,No managerial function,,"Statistical programming (R, SAS, Python (Statistics and ML libraries), SPSS, Stata, etc.); Other programming (C, C++, Java, Python, etc.); Data visualization (Power BI, Tableau, Looker Studio, etc.); Scientific writing and/or research; Project management; Time management",,< 60 000,NA,55000,59999,55000,NA,275000,299995,275000,AO01,Not at all satisfied,,Mid-career (6-15 y),30-39,6-10 years,FALSE
2026-09-25,2026-09-25,2026-09-25,1972,2010,54,TRUE,Woman,Swiss,VD,BE,Passive,Ten years or more,PhD,North America,,NA,TRUE,TRUE,Employed,Chief Data Officer,Government / Public administration,8,100,Middle management,,"Statistical programming (R, SAS, Python (Statistics and ML libraries), SPSS, Stata, etc.); Other programming (C, C++, Java, Python, etc.); Data visualization (Power BI, Tableau, Looker Studio, etc.); Scientific writing and/or research; Project management; Time management",,180 000 - 189 999,180000,185000,189999,185000,180000,185000,189999,185000,AO14,Quite satisfied,,Mid-career (6-15 y),50-59,6-10 years,TRUE
2026-09-25,2026-09-25,2026-09-25,1960,1990,66,TRUE,Man,Swiss,BE,FR,Active,Ten years or more,PhD,Swiss,,No,FALSE,TRUE,Employed,Statistician,Higher education / Research / Academia,46,100,Other,,"Statistical programming (R, SAS, Python (Statistics and ML libraries), SPSS, Stata, etc.); Other programming (C, C++, Java, Python, etc.); Scientific writing and/or research; Project management",,150 000 - 159 999,150000,155000,159999,155000,150000,155000,159999,155000,AO11,Neutral,,Senior (16+ y),60+,20+ years,TRUE
2026-09-25,2026-09-25,2026-09-25,1971,2010,55,TRUE,Man,Swiss,BE,BE,Not a member,NA,PhD,Swiss,,Post-Doc,TRUE,TRUE,Employed,Associate professer in Epidemiology / Biostatistics,Higher education / Research / Academia,20,80,Other,,"Statistical programming (R, SAS, Python (Statistics and ML libraries), SPSS, Stata, etc.); Scientific writing and/or research; Project management",,120 000 - 129 999,120000,125000,129999,125000,150000,156250,162498.75,156250,AO08,Quite satisfied,,Senior (16+ y),50-59,11-20 years,FALSE
2026-09-25,2026-09-25,2026-09-25,1957,1984,69,TRUE,Man,Europe,Not in Switzerland,I do not work,Occasional,Ten years or more,PhD,North America,,No,FALSE,FALSE,Retired,Epidemiologist,Higher education / Research / Academia,36,100,Middle management,,"Statistical programming (R, SAS, Python (Statistics and ML libraries), SPSS, Stata, etc.); Scientific writing and/or research; Project management",,140 000 - 149 999,140000,145000,149999,145000,140000,145000,149999,145000,AO10,Very satisfied,,Senior (16+ y),60+,20+ years,TRUE
2026-09-25,2026-09-25,2026-09-25,1964,1996,62,TRUE,Man,Swiss,ZH,ZH,Occasional,Ten years or more,University master,Swiss,,NA,TRUE,TRUE,Employed,Statistician,Hospital/ Healthcare,25,100,No managerial function,,"Statistical programming (R, SAS, Python (Statistics and ML libraries), SPSS, Stata, etc.); Other programming (C, C++, Java, Python, etc.); Scientific writing and/or research",,190 000 - 199 999,190000,195000,199999,195000,190000,195000,199999,195000,AO15,Very satisfied,,Senior (16+ y),60+,20+ years,TRUE
2026-09-25,2026-09-25,2026-09-25,1998,2023,28,TRUE,Man,Swiss,ZH,ZH,Not a member,NA,University master,North America,,No,FALSE,TRUE,Employed,Data scientist,Media / Advertising / Communication,3,100,No managerial function,,"Statistical programming (R, SAS, Python (Statistics and ML libraries), SPSS, Stata, etc.); Other programming (C, C++, Java, Python, etc.); Data visualization (Power BI, Tableau, Looker Studio, etc.); Scientific writing and/or research; Project management; Time management",,110 000 - 119 999,110000,115000,119999,115000,110000,115000,119999,115000,AO07,Quite satisfied,,Early-career (0-5 y),< 30,0-5 years,FALSE
2026-09-25,2026-09-25,2026-09-25,1986,2015,40,TRUE,Woman,Swiss,ZH,ZH,Occasional,Less than ten years,PhD,Swiss,,"MAS, DAS, CAS",TRUE,TRUE,Employed,Statistician,Higher education / Research / Academia,12,80,No managerial function,,"Statistical programming (R, SAS, Python (Statistics and ML libraries), SPSS, Stata, etc.); Scientific writing and/or research; Project management",,150 000 - 159 999,150000,155000,159999,155000,187500,193750,199998.75,193750,AO11,Quite satisfied,,Mid-career (6-15 y),40-49,11-20 years,TRUE
2026-09-25,2026-09-25,2026-09-25,1988,2017,38,TRUE,Man,Swiss,NE,NE,Not a member,NA,University master,Swiss,,No,FALSE,TRUE,Employed,Collaborateur scientifique,Government / Public administration,9,60,Lower management,,"Other programming (C, C++, Java, Python, etc.); Project management",,70 000 - 79 999,70000,75000,79999,75000,116666.66666666667,125000,133331.66666666666,125000,AO03,Quite satisfied,,Mid-career (6-15 y),30-39,6-10 years,FALSE
2026-09-25,2026-09-25,2026-09-25,1963,1993,63,TRUE,Man,Europe,Not in Switzerland,BE,Not a member,NA,Master of applied science,North America,,No,FALSE,TRUE,Employed,Statistical project manager,Government / Public administration,33,100,No managerial function,,Scientific writing and/or research,,140 000 - 149 999,140000,145000,149999,145000,140000,145000,149999,145000,AO10,Not at all satisfied,,Senior (16+ y),60+,20+ years,FALSE
2026-09-26,2026-09-26,2026-09-26,1983,2017,43,TRUE,Woman,Swiss,BS,BS,Not a member,NA,PhD,Swiss,,No,FALSE,TRUE,Employed,Biostatistician,Pharmaceuticals,7,100,No managerial function,,"Statistical programming (R, SAS, Python (Statistics and ML libraries), SPSS, Stata, etc.); Scientific writing and/or research; Project management; Time management",,140 000 - 149 999,140000,145000,149999,145000,140000,145000,149999,145000,AO10,Quite satisfied,,Mid-career (6-15 y),40-49,6-10 years,FALSE
2026-09-26,2026-09-26,2026-09-26,1963,1994,63,TRUE,Man,Europe,BS,NE,Passive,Ten years or more,PhD,Swiss,,NA,TRUE,TRUE,Employed,Wissenschaftlicher Mitarbeiter / Statistischer Programmierer,Government / Public administration,30,80,No managerial function,,"Statistical programming (R, SAS, Python (Statistics and ML libraries), SPSS, Stata, etc.); Data visualization (Power BI, Tableau, Looker Studio, etc.); Scientific writing and/or research; Project management; Time management",,120 000 - 129 999,120000,125000,129999,125000,150000,156250,162498.75,156250,AO08,Not at all satisfied,,Senior (16+ y),60+,20+ years,TRUE
2026-09-27,2026-09-27,2026-09-27,1992,2020,34,TRUE,Man,Swiss,NE,NE,Passive,Less than ten years,University master,Swiss,,Further training with an employer,TRUE,TRUE,Employed,Data Platform Engineer,Government / Public administration,5,80,No managerial function,,"Statistical programming (R, SAS, Python (Statistics and ML libraries), SPSS, Stata, etc.); Other programming (C, C++, Java, Python, etc.); Project management",,100 000 - 109 999,100000,105000,109999,105000,125000,131250,137498.75,131250,AO06,Very satisfied,,Early-career (0-5 y),30-39,0-5 years,TRUE
2026-09-27,2026-09-27,2026-09-27,1988,2019,38,TRUE,Man,Swiss,AG,ZH,Passive,Ten years or more,PhD,Swiss,,No,FALSE,TRUE,Employed,Biostatistician,Pharmaceuticals,8,100,No managerial function,,"Statistical programming (R, SAS, Python (Statistics and ML libraries), SPSS, Stata, etc.); Scientific writing and/or research; Project management; Time management",,130 000 - 139 999,130000,135000,139999,135000,130000,135000,139999,135000,AO09,Quite satisfied,,Mid-career (6-15 y),30-39,6-10 years,TRUE
2026-09-28,2026-09-28,2026-09-28,1988,2025,38,FALSE,Woman,Europe,BS,AG,NA,NA,PhD,Swiss,,Post-Doc,TRUE,TRUE,Employed,Researcher,Higher education / Research / Academia,10,80,No managerial function,,"Statistical programming (R, SAS, Python (Statistics and ML libraries), SPSS, Stata, etc.); Scientific writing and/or research; Project management; Time management",,70 000 - 79 999,70000,75000,79999,75000,87500,93750,99998.75,93750,AO03,Quite satisfied,,Mid-career (6-15 y),30-39,6-10 years,FALSE
2026-09-28,2026-09-28,2026-09-28,1988,2013,38,TRUE,Woman,Swiss,VD,VD,Not a member,NA,University master,Swiss,,No,FALSE,TRUE,Employed,Statistician,Government / Public administration,10,70,Lower management,,"Statistical programming (R, SAS, Python (Statistics and ML libraries), SPSS, Stata, etc.); Project management",,80 000 - 89 999,80000,85000,89999,85000,114285.71428571429,121428.57142857142,128570,121428.57142857142,AO04,Neutral,,Mid-career (6-15 y),30-39,6-10 years,FALSE
2026-09-28,2026-09-28,2026-09-28,1973,2001,53,TRUE,Man,Swiss,TI,TI,Active,Ten years or more,University bachelor,Swiss,,No,FALSE,TRUE,Employed,Statistician,Government / Public administration,25,80,No managerial function,,"Statistical programming (R, SAS, Python (Statistics and ML libraries), SPSS, Stata, etc.); Scientific writing and/or research; Project management",,80 000 - 89 999,80000,85000,89999,85000,100000,106250,112498.75,106250,AO04,Quite satisfied,,Senior (16+ y),50-59,20+ years,TRUE
2026-09-28,2026-09-28,2026-09-28,1987,2022,39,TRUE,Man,Swiss,JU,NE,Not a member,NA,University master,Swiss,,No,FALSE,TRUE,Employed,Statistician,Government / Public administration,4,100,No managerial function,,"Statistical programming (R, SAS, Python (Statistics and ML libraries), SPSS, Stata, etc.); Project management",,110 000 - 119 999,110000,115000,119999,115000,110000,115000,119999,115000,AO07,Very satisfied,,Early-career (0-5 y),30-39,0-5 years,FALSE
2026-09-28,2026-09-28,2026-09-28,1974,2000,52,TRUE,Woman,Europe,Not in Switzerland,BS,Not a member,NA,University master,North America,,No,FALSE,TRUE,Employed,Health economist,Pharmaceuticals,20,90,Lower management,,"Statistical programming (R, SAS, Python (Statistics and ML libraries), SPSS, Stata, etc.); Project management",,180 000 - 189 999,180000,185000,189999,185000,200000,205555.55555555556,211110,205555.55555555556,AO14,Very satisfied,,Senior (16+ y),50-59,11-20 years,FALSE
2026-09-28,2026-09-28,2026-09-28,1990,2018,36,TRUE,Man,Swiss,ZH,BE,Not a member,NA,PhD,Swiss,,NA,TRUE,TRUE,Employed,Scientific advisor,Government / Public administration,7,100,No managerial function,,"Statistical programming (R, SAS, Python (Statistics and ML libraries), SPSS, Stata, etc.); Other programming (C, C++, Java, Python, etc.); Scientific writing and/or research; Project management; Time management",,140 000 - 149 999,140000,145000,149999,145000,140000,145000,149999,145000,AO10,Quite satisfied,,Mid-career (6-15 y),30-39,6-10 years,FALSE
2026-09-28,2026-09-28,2026-09-28,1985,2018,41,TRUE,Woman,Swiss,VD,VD,Occasional,Less than ten years,PhD,Swiss,,Post-Doc,TRUE,TRUE,Employed,Collaborateur scientifique (Scientist),Higher education / Research / Academia,8,80,No managerial function,,"Statistical programming (R, SAS, Python (Statistics and ML libraries), SPSS, Stata, etc.); Other programming (C, C++, Java, Python, etc.); Scientific writing and/or research; Project management",,100 000 - 109 999,100000,105000,109999,105000,125000,131250,137498.75,131250,AO06,Quite satisfied,,Mid-career (6-15 y),40-49,6-10 years,TRUE
2026-09-28,2026-09-28,2026-09-28,1978,2008,48,TRUE,Man,Swiss,FR,ZH,Not a member,NA,PhD,Swiss,,No,FALSE,TRUE,Employed,Biostatistician,Higher education / Research / Academia,17,100,No managerial function,,"Statistical programming (R, SAS, Python (Statistics and ML libraries), SPSS, Stata, etc.); Scientific writing and/or research",,130 000 - 139 999,130000,135000,139999,135000,130000,135000,139999,135000,AO09,Quite satisfied,,Senior (16+ y),40-49,11-20 years,FALSE
2026-09-28,2026-09-28,2026-09-28,1972,2003,54,TRUE,Man,Swiss,ZH,ZH,Not a member,NA,PhD,Swiss,,NA,TRUE,TRUE,Employed,Biostatistician,Higher education / Research / Academia,20,100,Lower management,,"Statistical programming (R, SAS, Python (Statistics and ML libraries), SPSS, Stata, etc.); Scientific writing and/or research",,150 000 - 159 999,150000,155000,159999,155000,150000,155000,159999,155000,AO11,Very satisfied,,Senior (16+ y),50-59,11-20 years,FALSE
2026-09-28,2026-09-28,2026-09-28,1988,2018,38,FALSE,Woman,Europe,AG,ZH,NA,NA,PhD,Swiss,,NA,TRUE,TRUE,Employed,Biostatistician,Higher education / Research / Academia,1,80,No managerial function,,"Statistical programming (R, SAS, Python (Statistics and ML libraries), SPSS, Stata, etc.); Scientific writing and/or research",,80 000 - 89 999,80000,85000,89999,85000,100000,106250,112498.75,106250,AO04,Quite satisfied,,Early-career (0-5 y),30-39,0-5 years,FALSE
2026-09-29,2026-09-29,2026-09-29,1992,2022,34,TRUE,Woman,Europe,BE,AG,Occasional,Less than five years,PhD,Swiss,,NA,TRUE,TRUE,Employed,Data analyst,Government / Public administration,4,82,No managerial function,,"Statistical programming (R, SAS, Python (Statistics and ML libraries), SPSS, Stata, etc.); Scientific writing and/or research; Project management; Time management",,100 000 - 109 999,100000,105000,109999,105000,121951.21951219512,128048.78048780488,134145.1219512195,128048.78048780488,AO06,Quite satisfied,,Early-career (0-5 y),30-39,0-5 years,TRUE
2026-09-29,2026-09-29,2026-09-29,1981,2008,45,TRUE,Woman,Swiss,ZH,ZH,Passive,Less than five years,PhD,South and Central America,,NA,TRUE,TRUE,Employed,Biostatistician,Higher education / Research / Academia,18,60,No managerial function,,"Statistical programming (R, SAS, Python (Statistics and ML libraries), SPSS, Stata, etc.); Data visualization (Power BI, Tableau, Looker Studio, etc.); Scientific writing and/or research; Project management; Time management",,60 000 - 69 999,60000,65000,69999,65000,100000,108333.33333333333,116665.00000000001,108333.33333333333,AO02,Quite satisfied,,Senior (16+ y),40-49,11-20 years,TRUE
2026-09-29,2026-09-29,2026-09-29,1995,2023,31,TRUE,Man,Europe,ZH,ZH,Occasional,Less than five years,University master,North America,,No,FALSE,TRUE,Employed,PhD student applied statistics,Higher education / Research / Academia,2,100,Other,,"Statistical programming (R, SAS, Python (Statistics and ML libraries), SPSS, Stata, etc.); Other programming (C, C++, Java, Python, etc.); Scientific writing and/or research; Time management",,< 60 000,NA,55000,59999,55000,NA,55000,59999,55000,AO01,Very satisfied,,Early-career (0-5 y),30-39,0-5 years,TRUE
