dmwork,N,Mean,SD,Median
GE,5,208000,44384.68204234429,205000
BS,16,164756.94444444444,35288.51178196678,170000
BE,24,151858.3197167756,73929.64731398338,140147.0588235294
NE,14,147152.77777777778,39420.95386658201,147500
FR,5,131500,15993.162601561957,131250
ZH,30,130714.28571428571,47797.45417913725,123214.28571428571
VS,10,129589.28571428571,36303.6734162638,126875
VD,16,121172.83640984484,32389.99664383011,118750
TI,5,119500,48610.376978583496,106250
AG,5,117502.61324041811,17461.381959315233,125000
