Sector,N,"Data cleaning and
preparation","Descriptive
analysis","Inferential
analysis","Modeling / Machine
learning","Development or
automation of
statistical tools","Supervision or
validation of
statistical work
carried out by
others"
Higher education / Research / Academia,45,3.066666666666667,2.9555555555555557,3.422222222222222,3.111111111111111,2.6,2.8444444444444446
Government / Public administration,37,3.189189189189189,3.1621621621621623,1.9189189189189189,1.7297297297297298,2.6216216216216215,2.1621621621621623
Pharmaceuticals,24,3.4166666666666665,3.375,3.5833333333333335,2.7916666666666665,2.75,3
Hospital/ Healthcare,8,3.625,3.75,3.5,3.125,3.125,3.375
Transportation/ Rail,6,4,3,1.1666666666666667,2,2.8333333333333335,2.3333333333333335
