Skill,N,Mean score,% Satisfied,% Dissatisfied
Project management,94,4.24468085106383,0.8723404255319149,0.031914893617021274
Time management,44,4.2272727272727275,0.8863636363636364,0.06818181818181818
"Statistical programming (R, SAS, Python
(Statistics and ML libraries), SPSS, Stata,
etc.)",125,4.208,0.856,0.056
Scientific writing and/or research,110,4.172727272727273,0.8454545454545455,0.06363636363636363
"Data visualization (Power BI, Tableau, Looker
Studio, etc.)",48,4,0.7916666666666666,0.10416666666666667
"Other programming (C, C++, Java, Python,
etc.)",35,4,0.8,0.11428571428571428
