Field of study,No,"MAS, DAS, CAS","Certified online training (Coursera, Edx, etc.)",Post-Doc,Further training with an employer,Other,Total,::rowname::
Statistics,28,2,1,4,6,3,44,
Mathematics,12,3,0,1,2,2,20,
Psychology,8,1,0,4,0,1,14,
"Natural science, environmental science",6,3,0,2,0,2,13,
Applied statistics,3,1,1,3,1,1,10,
Science of economics,4,3,0,0,2,0,9,
Other social sciences,3,2,0,1,1,0,7,
"Health, sport",1,0,0,4,0,0,5,
Informatics / Computer science,3,1,0,1,0,0,5,
Data science,1,1,0,1,0,0,3,
"Technical science, engineering",1,1,0,0,1,0,3,
"History, civilizations study",1,0,0,0,0,0,1,
Sociology,0,1,0,0,0,0,1,
