Category,N,%,Cum.,Cum.%,::rowname::
NE,11,0.21153846153846154,11,0.21153846153846154,
ZH,10,0.19230769230769232,21,0.40384615384615385,
VD,6,0.11538461538461539,27,0.5192307692307693,
FR,4,0.07692307692307693,31,0.5961538461538461,
GE,4,0.07692307692307693,35,0.6730769230769231,
TI,4,0.07692307692307693,39,0.75,
BE,3,0.057692307692307696,42,0.8076923076923077,
AG,2,0.038461538461538464,44,0.8461538461538461,
BS,2,0.038461538461538464,46,0.8846153846153847,
VS,2,0.038461538461538464,48,0.9230769230769231,
Not in Switzerland,1,0.019230769230769232,49,0.9423076923076923,
GR,1,0.019230769230769232,50,0.9615384615384616,
SH,1,0.019230769230769232,51,0.9807692307692308,
I do not work,1,0.019230769230769232,52,1,
