Job aspect,N,Mean,% Satisfied,% Dissatisfied
Interesting and meaningful work,138,1.355072463768116,0.9420289855072463,0.014492753623188406
Work that makes a positive contribution,138,1.4855072463768115,0.9202898550724637,0.028985507246376812
"Work flexibility (e.g., telework,
alternative work schedules, core hours)",138,1.5579710144927537,0.8913043478260869,0.028985507246376812
"Opportunity to exercise job-related
expertise and judgment",138,1.536231884057971,0.8840579710144928,0.057971014492753624
"Relationships with coworkers and
supervisors",138,1.7246376811594204,0.8695652173913043,0.057971014492753624
"Learning and development opportunities
(e.g., training, continuing ...)",138,1.9565217391304348,0.7898550724637681,0.10144927536231885
Recognition and appreciation,138,2.0434782608695654,0.7536231884057971,0.11594202898550725
Work-life balance,138,2.072463768115942,0.7318840579710145,0.11594202898550725
Pay,138,2.072463768115942,0.717391304347826,0.15942028985507245
"Benefits (e.g., leave, health, insurance,
retirement benefits)",138,2,0.7101449275362319,0.08695652173913043
Manageability of job stress,138,2.246376811594203,0.6666666666666666,0.11594202898550725
Opportunity for advancement,138,2.8115942028985508,0.39855072463768115,0.2608695652173913
